id,in_degree,out_degree
6,44,40
2,41,45
5,3,3
1,226,215
15,13,15
4,54,63
3,21,0
13,191,210
16,1,0
10,5,8
7,216,232
21,26,22
20,10,0
8,3,1
17,19,26
23,26,18
25,113,0
26,11,12
28,11,7
29,35,33
31,2,2
32,6,6
34,3,3
35,535,763
36,33,35
37,12,13
44,3,2
39,25,25
45,11,11
19,10,12
46,1,1
47,2,2
51,29,30
52,1,1
53,2,2
54,7,7
41,95,100
55,1,1
57,80,59
61,9,5
65,1,1
56,6,7
66,1,1
69,9,7
70,6,6
71,1,1
72,11,11
74,1,1
75,10,7
68,5,5
64,69,78
76,3,3
77,14,21
78,10,8
60,66,63
79,1,1
80,17,17
81,9,6
62,52,14
83,1,1
104,54,56
86,1,1
87,2,2
89,2,2
94,1,1
95,6,6
96,37,42
97,4,4
99,1,1
88,6,7
101,7,5
100,8,12
103,1,0
105,2,1
106,1,1
107,2,2
108,6,4
109,6,5
110,15,12
111,6,5
112,14,26
115,24,32
114,9,6
119,3,3
122,1,2
127,3,2
129,6,2
116,1,1
131,1,0
132,32,32
133,2,2
113,36,42
125,8,8
135,93,92
134,12,11
137,2,2
138,2,2
140,1,1
141,21,21
139,3,4
142,11,11
143,20,22
144,41,43
145,1,1
146,15,15
147,3,2
148,5,5
93,13,12
149,28,36
150,3,5
152,10,3
153,6,4
154,1,1
155,2,3
156,7,7
157,2,2
158,3,1
160,7,7
161,3,3
162,2,2
163,8,9
165,2,1
166,13,13
167,11,10
168,1,1
169,2,1
170,1,1
171,50,53
172,1,1
173,4,3
174,4,4
175,1,1
176,3,4
177,9,10
178,34,37
179,7,2
180,10,9
181,6,5
159,24,24
182,1,1
183,3,3
184,19,23
185,2,2
186,12,11
187,1,1
33,32,32
188,2,2
189,3,2
190,1,1
191,3,2
192,17,18
193,2,2
194,3,3
195,1,1
196,1,1
198,50,45
199,4,6
200,7,8
201,4,2
202,115,127
203,9,10
204,31,24
205,1,0
206,15,15
207,7,6
209,30,27
210,1,1
120,6,5
211,2,1
212,6,6
213,1,1
214,14,12
215,53,54
216,9,9
217,3,3
218,2,1
219,18,18
220,1,0
223,11,0
224,7,8
225,3,6
227,6,6
228,13,14
230,32,5
231,4,4
232,1,1
233,3,1
208,2,2
234,3,2
235,13,9
222,13,12
236,2,3
237,1,1
238,6,8
239,8,11
240,4,3
241,5,7
242,16,14
244,5,4
164,4,5
245,11,4
246,5,3
247,1,1
248,2,3
250,3,2
251,9,8
249,20,20
243,9,12
252,1,1
253,0,1
255,1,2
256,33,32
257,18,93
258,2,2
259,2,3
260,3,0
261,8,7
262,7,6
263,2,2
264,2,0
265,5,3
266,17,18
267,1,1
268,5,5
229,4,3
221,8,8
269,5,4
271,2,2
272,12,9
273,25,27
274,21,17
275,2,1
276,6,5
270,37,47
277,2,1
279,2,1
278,4,3
280,58,59
281,1,0
282,6,5
283,15,13
284,8,10
285,6,6
286,2,2
287,1,1
288,7,7
290,1,1
291,1,1
292,2,1
293,6,4
294,1,1
295,21,24
296,6,1
297,3,2
298,10,8
299,2,2
301,4,4
302,1,0
303,1,1
304,100,104
254,4,5
305,1,1
306,1,1
307,2,1
308,13,11
309,34,45
310,7,4
311,1,1
312,11,12
314,2,2
313,2,3
315,2,0
316,2,2
317,4,4
318,4,6
319,8,8
320,5,5
322,8,11
323,1,1
324,5,5
325,11,12
326,1,1
321,6,5
327,1,1
328,3,1
329,1,1
334,1,0
338,1,0
345,4,4
346,22,25
289,1,1
347,8,4
349,1,1
340,6,5
336,1,0
350,28,27
352,1,2
353,85,86
354,1,1
355,1,1
356,4,4
357,4,3
359,12,11
339,2,3
360,2,1
366,5,7
367,1,1
368,1,1
358,2,2
370,1,1
371,1,2
372,6,6
363,35,35
375,3,2
377,3,2
374,11,10
378,10,8
379,1,1
380,4,3
382,1,1
383,18,16
384,12,12
385,1,1
386,11,10
348,4,3
387,18,17
388,1,1
389,2,2
390,9,10
391,1,1
392,3,2
330,9,7
351,3,2
393,11,12
342,16,17
395,11,23
396,12,11
397,1,5
399,18,16
400,1,1
401,8,8
402,8,8
403,1,1
404,6,6
405,19,19
406,3,3
407,2,0
408,14,11
409,3,3
410,5,4
411,3,3
412,10,8
414,1,1
415,20,18
418,14,13
300,3,3
421,5,6
423,7,6
333,1,1
341,1,0
427,11,16
428,4,2
429,1,1
332,2,3
394,12,11
430,1,1
432,2,3
433,5,5
434,1,1
435,2,2
436,13,13
437,3,1
438,2,2
439,2,6
441,8,8
442,1,1
443,13,16
440,2,2
444,1,2
445,1,1
446,19,20
365,3,2
448,4,3
449,4,2
431,2,1
450,1,1
451,2,2
452,21,21
453,3,3
454,3,3
455,10,8
456,1,1
457,1,2
416,16,16
458,2,2
459,2,4
460,2,5
464,4,5
465,14,11
466,2,2
467,4,3
468,59,62
463,5,4
469,14,15
462,15,13
470,2,2
471,1,1
472,15,4
473,1,1
369,1,0
425,25,31
417,7,8
475,9,9
476,16,16
197,3,0
477,3,2
478,3,2
424,3,3
479,5,6
376,1,0
373,1,0
420,1,0
480,15,16
398,1,1
481,37,36
482,1,1
483,1,0
484,22,26
485,1,1
486,4,4
487,2,0
488,9,9
489,10,10
490,2,3
492,53,50
493,17,18
494,8,9
447,3,3
495,11,13
496,3,4
497,4,3
499,6,6
500,5,7
501,4,4
502,12,10
491,18,19
503,2,2
504,1,0
505,1,1
506,2,4
498,2,3
507,3,4
331,2,1
508,4,4
509,3,4
510,2,2
511,1,1
512,4,3
513,2,2
514,5,5
515,2,2
516,5,5
517,3,3
422,1,0
518,5,5
337,1,0
519,1,1
520,18,19
381,1,0
521,10,10
362,1,0
522,34,34
523,60,45
524,1,1
364,1,0
413,1,0
525,2,2
361,47,80
526,4,4
527,2,2
529,1,1
530,11,10
531,1,1
532,3,4
533,13,15
534,10,8
535,27,16
536,4,4
537,54,56
538,9,8
539,18,19
540,43,47
541,1,1
419,7,7
542,3,3
335,1,0
543,1,1
544,2,2
545,79,23
546,144,167
547,15,17
548,5,3
549,2,2
426,1,0
550,44,51
552,1,1
553,2,1
554,9,8
555,1,2
556,2,1
557,3,3
558,3,2
559,3,3
560,2,2
561,10,8
562,2,2
563,8,9
564,5,5
565,1,1
566,9,8
551,2,0
567,3,3
569,2,3
570,18,19
571,6,5
572,2,2
573,5,5
575,1,1
474,1,1
577,8,7
578,9,9
528,1,1
580,1,1
581,1,2
582,2,1
583,4,3
584,1,1
585,9,10
586,4,4
587,5,5
589,2,2
590,6,1
592,55,56
579,15,13
343,1,0
594,4,2
595,2,1
596,1,1
597,3,2
588,2,2
598,9,8
599,1,1
600,1,1
601,1,1
602,1,1
603,1,1
604,1,1
591,4,4
605,4,4
606,15,16
607,1,1
608,8,8
609,1,1
610,6,6
611,1,1
612,1,1
613,1,1
614,2,2
615,1,1
617,3,4
618,1,1
619,2,2
620,3,3
621,9,9
622,1,1
623,3,3
616,6,7
593,3,4
624,1,1
625,17,21
626,6,9
628,16,14
629,2,2
630,28,28
631,1,1
627,4,4
632,22,21
633,8,7
634,33,34
635,29,31
636,1,1
637,1,2
638,2,2
639,2,2
344,1,0
642,9,8
643,4,2
644,11,13
647,29,27
648,1,1
649,2,2
650,9,10
651,10,9
652,3,3
653,4,4
654,16,14
655,2,3
656,3,3
658,5,6
660,1,2
661,3,4
662,1,1
663,2,2
664,38,40
574,2,1
659,1,2
665,2,2
666,4,4
667,8,8
668,1,1
670,2,2
671,1,1
672,3,1
674,2,2
675,1,1
676,2,2
677,2,2
678,7,8
679,1,1
680,8,8
681,3,3
682,1,0
669,2,0
684,1,1
685,2,3
686,2,2
687,47,46
688,5,6
689,6,6
690,2,1
691,5,7
692,2,0
693,1,1
694,1,0
695,2,1
696,2,2
683,1,1
646,1,1
698,1,1
697,4,4
699,2,2
700,12,13
701,5,6
702,2,2
703,3,2
641,5,6
705,16,15
706,1,1
708,3,3
707,6,6
704,1,1
709,4,3
710,23,28
711,1,1
712,1,1
714,17,17
717,1,1
718,3,4
719,1,1
720,2,2
721,1,1
722,6,7
723,1,1
724,2,3
725,25,25
726,7,6
727,2,2
640,8,7
728,2,2
730,3,0
729,54,54
715,3,2
731,1,1
732,36,36
733,9,8
734,3,3
735,9,7
736,1,1
737,1,1
738,1,1
673,5,4
716,5,4
739,1,1
740,1,1
741,2,2
742,17,16
743,3,3
744,4,3
745,1,1
746,1,1
747,1,1
748,2,2
749,1,1
750,1,0
751,2,2
576,5,6
752,1,1
753,3,4
754,1,1
755,7,7
756,2,0
757,11,10
758,1,1
759,1,1
761,1,1
763,3,1
657,1,1
764,2,2
765,1,1
766,1,1
767,12,12
768,7,6
769,4,4
770,23,23
772,1,1
773,2,2
774,2,1
775,56,58
776,3,3
777,16,10
760,9,7
778,2,2
779,10,12
780,14,12
781,11,9
782,3,2
783,1,1
784,3,4
785,1,1
786,8,9
787,3,3
788,4,4
789,1,1
790,2,2
791,5,5
792,2,3
793,3,3
794,3,3
795,5,5
796,1,1
797,1,1
798,2,3
799,3,4
800,1,1
801,9,10
802,7,7
803,1,1
804,6,10
805,4,2
806,1,0
808,1,1
762,3,3
809,1,1
810,1,1
811,3,3
812,4,4
813,1,1
814,1,1
815,2,2
816,1,1
817,2,2
818,3,3
819,2,1
820,7,5
821,1,1
823,19,20
9,1,1
824,8,8
826,2,2
827,9,6
828,1,2
829,2,0
830,3,3
831,1,0
833,2,2
834,3,0
835,4,4
836,1,1
837,2,2
838,8,9
839,2,2
840,1,0
832,92,77
841,3,4
842,3,4
843,1,1
844,1,2
845,2,2
846,7,7
847,5,5
848,1,1
849,2,2
850,2,1
851,4,5
852,1,1
853,8,8
854,2,1
855,1,1
856,14,14
857,2,2
858,1,0
859,1,1
860,1,1
861,9,4
862,11,10
863,2,2
864,3,3
771,1,0
865,2,1
866,4,4
867,3,2
868,1,1
869,2,1
870,6,9
871,3,1
872,4,3
873,2,2
874,2,2
875,5,5
876,1,2
877,2,2
878,1,1
879,2,2
880,2,2
883,1,1
882,53,56
884,1,1
886,2,2
887,1,1
888,1,1
890,1,0
891,2,2
892,6,7
893,1,1
822,4,0
894,13,12
895,1,0
896,7,0
897,1,2
898,2,2
899,3,4
900,12,12
901,1,1
902,4,2
903,5,6
904,6,8
906,9,7
907,6,7
908,54,44
910,3,2
911,2,4
912,2,3
913,4,4
909,1,1
914,1,1
915,3,3
916,1,1
917,10,10
918,1,1
919,1,1
920,9,9
921,12,12
922,9,8
924,1,1
925,21,21
926,3,3
927,3,3
928,7,5
929,14,9
930,2,1
931,6,5
933,1,1
934,2,2
936,1,0
937,57,56
885,6,6
938,2,1
923,31,31
939,2,2
940,2,2
942,2,1
943,7,7
944,1,1
946,2,2
947,1,1
889,1,2
941,2,3
948,4,4
949,1,0
950,4,4
951,1,1
952,1,1
954,3,2
932,1,2
955,1,1
956,1,1
957,3,2
959,3,2
960,2,2
961,4,4
963,6,6
964,1,1
966,1,1
967,10,10
968,1,2
935,7,6
965,1,0
969,1,1
825,1,1
970,1,1
971,1,0
972,6,7
973,2,2
974,1,1
975,5,4
976,1,1
977,2,2
953,7,8
978,16,14
979,1,1
980,1,1
981,2,2
982,5,5
983,1,1
984,5,5
985,1,1
986,2,2
987,2,2
988,12,13
989,1,1
990,1,1
991,2,0
993,1,1
994,2,3
995,4,2
905,264,264
996,1,1
997,3,2
999,1,1
1000,1,1
1001,13,10
1002,1,1
1003,1,1
1004,2,1
998,1,0
1006,2,2
1007,1,1
1008,6,7
1009,3,3
1010,5,4
1011,3,3
1012,2,1
1013,11,9
1015,1,1
1016,1,1
1017,1,1
807,1,1
1018,179,203
1019,3,6
1020,4,4
1021,2,3
1022,1,2
1023,2,1
1024,2,2
1025,2,2
1026,10,9
1027,1,1
1028,13,11
1029,1,1
1030,1,2
1031,1,1
1032,1,1
1033,1,1
1034,11,11
1035,1,0
1036,2,3
1037,5,4
1038,1,0
1039,1,1
1005,13,11
1040,2,5
1041,1,0
1042,2,2
962,11,10
1044,13,13
1045,2,2
1046,1,3
1047,1,1
1048,4,4
1049,1,1
1050,3,3
1051,2,2
1052,8,54
1053,46,47
1054,2,2
1055,2,1
1056,2,2
1057,2,2
1014,3,3
1043,15,16
1058,1,1
1059,1,1
1060,1,2
1061,1,1
1062,6,5
1063,3,3
958,4,4
1065,6,4
1066,4,4
992,1,1
1068,4,2
1069,2,1
1070,1,1
1071,1,1
1073,5,5
1074,4,4
1075,1,1
1076,2,0
1077,1,1
1078,11,11
1079,1,1
1080,1,1
1081,1,1
1082,1,1
1083,1,1
1084,4,3
1085,1,1
1086,1,1
1087,1,1
1088,1,1
1089,1,1
1072,0,1
1090,4,4
1091,1,0
1092,12,22
1093,1,1
1094,29,31
1095,4,8
1096,3,3
1097,1,1
1100,13,12
1098,12,11
881,1,1
1099,2,2
1101,1,1
1102,1,1
1103,1,1
1104,5,6
1105,2,3
1106,2,2
1107,6,7
1108,1,1
461,1,1
1109,1,1
1110,2,2
1111,1,1
1112,2,3
1113,5,5
1114,2,2
1116,2,0
1117,1,1
1118,1,1
1119,6,5
1120,1,1
1121,2,2
1122,1,1
1123,1,0
1124,1,1
1125,1,1
1126,1,1
1127,2,3
1128,7,7
1129,3,3
1130,2,4
1132,2,2
1133,3,4
1134,3,3
1136,1,0
1137,1,0
1138,1,0
1139,6,5
1140,4,0
1141,2,0
1142,2,0
1143,6,4
1144,2,0
1145,6,2
1146,1,1
1147,2,3
1135,1,1
1148,1,0
1149,1,1
1150,1,1
1151,1,0
1152,1,1
1067,2,2
1153,1,1
945,2,2
1154,17,2
1155,1,0
1156,1,1
1157,1,1
1158,1,1
1159,6,5
1160,1,1
1161,1,1
1162,68,70
1163,1,1
1164,2,2
1165,3,3
1166,4,4
1167,1,1
1168,3,3
1170,2,1
1171,1,1
1172,1,0
1173,1,0
1174,3,3
1175,1,1
1176,3,4
1177,1,1
1178,1,0
1179,2,3
1180,1,2
1181,2,2
1182,1,1
1169,1,1
1184,1,0
1185,39,31
1186,2,2
1187,2,2
1188,1,1
1189,1,1
1190,3,2
1191,3,3
1192,3,4
1193,1,2
1194,1,1
1195,1,1
1196,3,2
1197,2,1
1183,2,2
1199,2,2
1200,5,5
1201,58,69
1202,3,2
1204,14,15
1205,1,2
1206,2,1
1207,13,12
1208,1,1
1209,1,2
1210,1,1
1211,1,0
1212,1,1
1213,2,1
1214,1,2
1215,1,1
1216,1,1
1217,81,79
1218,2,1
1219,3,3
1220,1,2
1221,1,1
1222,12,12
1223,2,2
1224,1,1
1225,2,2
1226,5,5
1227,5,4
1228,1,1
1198,10,10
1229,2,2
1230,3,2
1231,3,3
1232,1,1
1233,1,1
1234,1,1
1235,1,1
1237,2,3
1238,2,0
1239,7,9
1240,1,1
1241,2,2
1242,3,3
1243,5,5
1244,6,5
1245,36,36
1246,1,0
1247,2,2
1248,1,1
1249,2,2
1250,1,1
1252,12,13
1251,2,2
1253,2,2
1236,2,2
1254,1,1
1255,1,1
1256,1,1
1257,18,14
1258,3,4
1259,1,1
1260,3,3
1261,1,1
1262,3,3
1263,3,3
1264,2,2
1265,1,1
1266,2,2
1269,4,3
1270,3,3
1271,18,21
1272,14,11
1273,1,1
1064,4,4
1274,1,1
1268,15,13
1275,5,5
1276,1,1
1277,11,8
1278,1,1
1279,2,1
1280,1,1
1281,55,56
1282,2,2
1283,1,1
1284,1,1
713,1,0
1285,1,1
1287,1,0
1131,2,2
1288,2,2
1289,11,11
1290,11,11
1291,2,2
1267,19,20
1292,5,5
1293,2,2
1294,1,0
1295,7,6
1296,2,1
1297,1,0
1298,1,1
1299,3,3
1300,2,2
1301,4,4
1302,8,9
1304,1,1
1305,1,1
1306,1,1
1307,2,2
1308,3,0
1309,1,1
1310,3,4
1311,1,1
1312,12,12
1286,4,5
1303,1,1
1313,1,1
1314,1,0
1315,5,6
1316,51,49
1317,110,115
1318,23,32
1319,5,5
1320,2,3
1321,1,1
1322,9,8
1323,1,1
1324,2,2
1325,4,5
1326,1,1
1328,5,5
1329,1,1
1327,3,0
1330,1,1
1331,16,2
1332,9,7
1333,1,1
1115,2,2
1335,1,0
1336,1,1
1337,2,2
1334,164,164
1338,3,3
1340,1,7
1341,1,1
1342,2,2
1343,1,1
1344,2,2
1345,8,4
1346,2,2
1347,1,1
1348,34,35
1349,3,3
1350,1,1
1351,1,1
1352,118,154
1353,11,12
1354,5,6
1355,1,1
1356,2,2
1357,5,4
1358,4,3
1359,2,2
1360,1,1
1361,1,0
1362,2,3
1363,44,59
1364,1,1
1365,1,1
1366,44,40
1367,1,0
1368,20,17
1369,3,3
1370,4,4
1371,1,2
1372,1,1
1373,1,1
1374,1,1
1377,13,13
1378,1,1
1379,6,5
1380,1,1
1381,1,1
1382,1,1
1383,96,66
1384,7,6
1385,2,2
1387,1,0
1388,1,1
1390,1,1
1391,2,2
1393,4,0
1392,2,1
1394,14,12
1395,1,0
1397,1,1
1399,1,1
1396,118,162
1389,2,3
1400,14,15
1401,3,4
1402,4,4
1403,21,21
1375,5,5
1404,3,3
1405,1,1
1406,4,4
1407,1,1
1408,1,1
1409,1,1
1410,2,2
1411,2,2
1412,20,21
1413,5,5
1414,1,0
1415,2,2
1376,7,12
1416,1,1
1417,3,4
1418,1,1
1419,1,1
1420,2,2
1421,1,2
1422,2,4
1423,1,1
1424,1,1
1425,1,1
1426,3,3
1427,1,1
1428,1,0
1429,1,1
1430,1,1
1431,1,1
1432,2,2
1433,1,1
1434,1,1
1435,1,1
1436,4,3
1439,5,4
1440,1,0
1441,2,2
1442,2,3
1438,3,4
1203,1,1
1444,2,2
1445,1,0
1443,3,2
1446,2,1
1447,4,4
1386,134,172
1448,1,1
1449,1,1
1450,1,0
1451,8,7
1452,1,1
1453,11,7
1454,1,1
1455,1,1
1456,3,4
1457,2,2
1458,4,4
1459,1,0
1460,1,0
1461,2,2
1462,3,3
1464,7,4
1465,5,5
1466,1,1
1467,1,1
1468,2,2
1470,1,1
1471,7,7
1472,1,1
1473,18,22
1474,1,1
1475,3,0
1476,2,1
1477,9,8
1463,4,4
1478,16,23
1479,2,2
1480,3,3
1481,1,1
1482,5,5
1483,1,1
1484,1,1
1486,5,5
1488,1,1
1489,1,0
1490,11,12
1491,1,1
1493,1,1
1494,1,1
1437,9,10
1492,3,3
1495,1,1
1496,1,2
1497,1,0
1498,1,0
1500,2,2
1487,28,32
1501,1,0
1502,30,32
1503,1,0
1505,1,0
1499,31,36
1506,2,2
1507,3,3
1508,28,26
1509,1,0
1510,5,2
1504,3,2
1511,2,0
1513,3,2
1514,1,1
1512,27,30
1469,4,4
1517,7,8
1518,3,0
1519,2,2
1520,4,6
1521,5,5
1522,2,2
1523,1,0
1524,2,2
1525,7,8
1526,6,7
1516,1,1
1527,6,6
1528,27,27
1529,37,38
1530,1,1
1531,1,2
1532,1,0
1533,2,2
1534,1,0
1535,5,2
1536,1,1
1537,1,1
1538,1,1
1539,16,16
1540,1,0
1541,6,9
1542,2,2
1543,51,45
1544,5,5
1545,1,0
1546,4,5
1547,1,1
1548,18,18
1549,1,1
1550,4,4
1551,1,1
1552,1,1
1553,1,1
1554,4,0
1555,65,67
1556,14,14
1557,16,16
1558,1,0
1559,1,1
1560,1,1
1561,1,0
1562,30,30
1564,1,1
1568,14,19
1569,1,1
1570,1,2
1571,1,1
1567,0,1
1572,1,1
1573,2,1
1575,2,2
1566,98,94
1577,1,0
1578,1,0
1579,3,2
1580,1,1
1574,3,3
1581,1,1
1582,2,1
1583,3,3
1584,21,28
1576,13,10
1585,74,83
1586,2,2
1587,2,0
1588,1,1
1589,1,0
1590,1,1
1593,5,5
1594,1,0
1596,7,7
1597,2,1
1598,2,1
1599,1,0
1600,2,0
1601,1,1
1595,4,4
1602,1,1
1603,1,1
1604,1,1
1606,1,1
1605,4,5
1608,2,2
1609,3,2
1610,1,2
1611,7,8
1613,1,1
1607,2,2
1614,1,1
1615,63,86
1616,4,4
1617,1,1
1515,2,2
1591,10,15
1618,4,6
1619,2,2
1620,37,37
1621,2,2
1622,1,1
1623,2,2
1624,12,3
1592,1,1
1625,2,1
1626,2,3
1627,1,1
1628,7,6
1629,45,55
1631,1,1
1632,1,1
1633,2,1
1634,3,3
1635,2,2
1636,12,8
1637,2,2
1639,16,26
1640,1,1
1641,1,1
1642,2,1
1643,1,0
1565,103,125
1644,2,3
1645,3,3
1646,1,0
1647,7,3
1648,5,6
1651,2,3
1653,8,10
1654,4,4
1655,4,5
1659,1,0
1660,2,0
1661,1,1
1612,41,43
1662,6,2
1663,1,0
1630,1,1
1664,6,4
1665,3,3
1666,3,3
1668,2,2
1669,6,2
1670,30,31
1671,1,1
1672,3,4
1657,9,6
1649,1,0
1673,2,2
1667,2,2
1674,9,9
1675,54,53
1676,4,4
1677,23,25
1678,1,1
1679,1,1
1658,1,1
1681,1,1
1682,1,1
1683,1,1
1684,1,1
1685,3,5
1686,10,10
1687,2,1
1688,2,2
1689,16,20
1690,28,23
1691,1,1
1692,2,3
1650,3,3
1693,53,58
1694,1,0
1696,1,1
1697,3,3
1698,1,1
1699,1,1
1700,4,4
1701,14,11
1702,4,4
1703,2,1
1704,3,1
1706,1,0
1707,1,1
1708,1,1
1709,1,0
1710,1,1
1705,1,0
1712,3,3
1713,9,10
1714,37,38
1715,3,5
1716,1,0
1718,1,1
1721,2,1
1717,1,1
1723,1,1
1724,2,1
1725,8,8
1726,3,1
1727,4,5
1728,1,1
1729,1,1
1732,1,1
1733,10,5
1734,1,0
1735,38,34
1736,10,10
1737,1,0
1738,2,2
1739,1,0
1740,2,2
1731,84,90
1741,2,2
1742,0,1
1720,3,3
1743,11,9
1711,1,1
1747,3,1
1748,1,1
1746,18,22
1749,1,0
1750,2,3
1751,7,7
1752,19,24
1754,16,16
1744,69,69
1756,6,3
1757,11,13
1758,1,2
1759,1,1
1695,1,0
1760,1,1
1745,1,1
1761,1,1
1762,3,3
1763,2,2
1755,4,4
1765,15,16
1766,1,1
1767,2,2
1768,1,1
1770,1,1
1771,82,74
1769,10,7
1772,3,0
1773,7,6
1775,3,1
1776,2,2
1777,1,1
1778,7,7
1730,1,1
1722,2,2
1780,2,2
1764,37,38
1779,8,8
1782,2,2
1784,1,3
1785,3,3
1786,2,2
1787,1,1
1789,2,2
1788,18,19
1790,3,3
1792,11,4
1791,1,0
1794,4,2
1796,1,1
1797,2,3
1798,2,2
1799,4,4
1800,6,6
1801,1,1
1802,62,59
1803,7,7
1795,1,1
1804,3,3
1680,2,0
1805,1,1
1806,8,8
1807,1,1
1808,3,2
1809,5,8
1753,13,8
1811,10,11
1812,1,1
1813,1,1
1814,1,3
1816,1,1
1817,4,4
1818,1,1
1819,20,21
1821,1,1
1822,1,1
1820,5,4
1774,3,4
1823,2,2
1824,1,1
1825,1,1
1826,2,2
1827,2,0
1828,1,1
1829,10,9
1830,1,1
1793,2,0
1831,1,1
1832,105,84
1833,2,3
1834,2,3
1835,1,1
1836,1,0
1837,2,1
1838,4,4
1810,311,404
1839,5,3
1840,24,25
1841,1,1
1842,3,3
1843,11,12
1844,5,5
1845,4,2
1846,29,23
1847,2,1
1719,10,7
1656,37,31
1848,1,2
1849,5,6
1850,28,16
1851,3,2
1852,1,1
1853,3,2
1854,1,0
1855,3,0
1856,3,1
1857,2,1
1858,1,0
1859,11,12
1860,57,63
1861,2,1
1862,2,0
1863,1,1
1864,4,2
1865,1,1
1867,2,1
1866,1,1
1868,1,1
1869,1,1
1870,1,0
1871,2,1
1873,12,14
1874,1,1
1875,1,1
1876,7,9
1872,5,5
1877,3,0
1878,5,6
1879,5,5
1880,3,3
1881,1,1
1882,1,1
1883,1,1
1884,2,1
1885,21,26
1886,5,7
1887,1,1
1888,5,5
1889,3,3
1891,1,1
1892,5,5
1894,6,6
1895,1,1
1896,19,18
1897,1,1
1898,2,2
1899,132,138
1900,3,3
1901,2,1
1902,2,2
1903,1,1
1904,1,1
1905,14,16
1906,2,2
1907,3,2
1908,1,1
1909,1,2
1910,1,1
1911,6,4
1913,2,1
1914,1,0
1915,4,2
1916,26,28
1917,4,3
1918,4,3
1919,11,10
1920,2,3
1921,38,40
1922,26,32
1923,5,5
1924,1,1
1925,1,1
1926,1,0
1927,1,1
1912,15,15
1928,1,1
1929,1,1
1931,2,2
1890,20,19
1930,1,2
1932,1,0
1933,8,7
1934,2,3
1935,1,1
1936,3,3
1937,11,9
1940,3,3
1941,1,1
1942,2,1
1893,7,8
1943,2,2
1944,3,5
1945,2,1
1946,5,5
1947,19,8
1949,2,2
1950,1,1
1951,7,5
1952,1,1
1953,165,169
1955,6,7
1956,7,2
1957,5,4
1958,2,2
1959,1,2
1960,2,2
1961,1,1
1962,1,3
1938,7,7
1963,1,0
1964,12,14
1965,1,1
1966,3,2
1967,29,49
1968,2,2
1969,1,1
1783,1,0
1970,2,1
1971,10,14
1972,3,3
1973,6,5
1974,2,2
1976,6,2
1977,4,4
1978,4,4
1979,1,1
1981,7,7
1982,1,2
1983,1,0
1984,4,6
1985,1,1
1980,1,1
1986,5,6
1987,1,1
1988,3,2
1989,2,3
1990,9,9
1991,20,16
1992,3,3
1993,4,4
1994,6,6
1995,1,1
3598,74,82
1997,10,11
1998,16,17
1999,1,1
2000,3,2
2001,1,1
2002,4,3
2004,10,8
2005,1,0
1815,24,45
2006,5,5
2007,1,1
2008,1,0
1948,35,28
2010,1,1
2011,2,2
2012,15,15
2013,8,7
2015,1,1
2009,1,1
2017,45,9
2018,6,5
2020,3,2
2014,1,6
2021,1,1
2022,3,5
2023,1,0
2016,6,6
2024,1,1
2025,1,1
2026,1,1
2027,1,1
2029,1,1
2031,1,1
2030,16,17
2032,2,2
2033,3,2
2034,18,24
2028,279,293
2035,2,2
2036,1,0
2037,1,1
2038,1,1
2039,1,0
2040,11,13
2041,1,0
2042,5,5
2044,11,8
2045,128,170
2046,7,6
2047,2,1
2049,6,6
2051,2,0
2052,3,2
2053,5,11
2055,1,1
2056,5,4
2057,2,2
2058,2,2
2059,2,2
1939,16,21
2060,1,0
2061,1,1
2062,2,2
2063,55,52
2064,5,9
2065,3,0
2066,1,1
2067,117,186
2068,1,2
2054,10,12
2069,1,1
2070,12,13
2071,5,4
2072,9,8
2073,1,5
2074,1,0
2043,2,2
2078,1,0
2079,3,3
2077,1,1
2080,16,17
2081,3,3
2082,1,1
2084,1,1
2085,18,18
2086,1,1
2087,7,7
2088,2,2
2090,20,15
2091,4,4
2089,6,7
2092,1,1
2093,7,4
2094,1,1
2095,5,5
2096,8,2
2097,6,4
2099,1,2
2100,2,2
1485,1,0
2101,1,1
2102,5,3
2103,9,7
2104,3,3
2105,1,0
2106,2,2
2107,1,1
2108,2,2
2076,5,3
2109,1,1
2111,1,1
2112,1,1
2113,23,12
2114,2,1
2115,4,3
2116,1,1
2117,2,1
2118,25,24
2119,6,6
2110,53,60
2120,4,4
2121,4,4
2122,3,3
2123,8,9
2124,15,18
2126,1,0
2127,9,10
2129,2,2
2125,180,397
2130,1,1
2132,10,11
2133,1,1
2134,2,3
2135,9,7
2136,2,2
2137,1,1
2138,2,2
2139,3,3
2140,2,2
2142,17,13
2143,2,3
2144,7,8
2128,3,3
2141,26,32
2145,2,2
2146,3,4
2147,2,1
2148,3,5
2131,13,14
2149,1,2
2150,1,1
2151,1,1
2152,1,2
2153,1,0
2155,4,5
2156,1,0
2157,2,1
2154,2,2
2158,15,12
2159,3,5
2160,2,2
2161,1,1
2162,2,2
2163,1,1
2164,5,0
2166,3,2
2167,20,19
2168,1,1
2169,1,1
2170,1,0
2171,1,1
2172,1,1
2173,54,67
2165,15,21
2174,14,18
2175,7,7
2177,1,0
2178,11,9
2179,1,0
2180,2,1
2181,4,0
2182,1,1
2176,49,53
2184,1,1
2185,1,1
2186,1,1
2187,26,20
2188,19,11
2189,3,3
2190,1,0
2191,1,0
2192,8,8
2194,38,74
2195,6,5
2196,1,0
2197,1,1
2199,3,3
2200,2,2
2201,9,9
2202,4,4
2203,1,1
2204,5,4
2205,8,8
2206,1,1
2207,1,1
2208,8,9
2209,1,0
2210,1,1
2211,2,1
2212,3,3
2213,2,2
2214,31,37
2215,1,1
2216,1,0
2217,5,7
2218,0,1
2219,8,8
2220,1,1
2221,6,6
2193,1,1
2222,1,1
2223,1,1
2224,5,4
2225,1,1
2226,1,1
2227,2,2
2228,1,1
2229,16,14
2230,11,10
2231,10,10
2233,12,14
2232,1,1
2234,1,1
2235,2,4
2236,1,1
2237,1,1
2239,1,0
2240,1,1
2241,3,2
2238,1,1
2243,11,14
2244,16,22
2245,2,0
2246,3,2
2247,1,0
2248,1,0
2250,1,1
2251,5,5
2253,1,1
2254,1,1
2255,6,8
2256,3,3
2257,6,5
2258,2,3
2259,4,0
2260,4,4
2252,27,35
2261,5,4
2083,3,3
2263,1,0
2264,1,1
2048,4,5
2265,3,2
2266,53,141
2098,4,4
2267,1,0
2268,2,3
2269,8,8
2270,1,1
2271,2,2
2272,2,2
2274,3,3
2277,4,4
2278,1,1
2279,1,1
2280,1,1
2281,7,10
2282,2,2
2283,1,0
2284,7,10
2286,1,0
2287,1,1
2198,85,0
2288,2,1
2289,8,7
2290,1,1
2292,5,6
2293,11,10
2295,1,1
2297,10,10
2298,1,1
2299,11,11
2300,1,0
2301,1,1
2302,1,1
2296,145,200
2275,6,6
2285,1,1
2304,7,10
2305,6,6
2306,29,26
2276,4,1
2307,1,4
2308,1,0
2303,23,28
2309,3,4
2310,10,10
2311,11,12
2312,5,3
2313,20,20
2314,1,0
2316,3,2
2317,3,3
2318,32,38
2319,2,2
2320,1,1
2321,1,1
2322,31,29
2323,1,1
2324,1,1
2325,10,13
2326,1,2
2327,1,1
2330,1,1
2331,1,1
2332,3,3
2333,13,12
2334,3,3
2335,1,1
2336,3,3
2337,3,3
2338,1,0
2339,1,1
2340,1,1
2341,3,4
2342,3,2
2343,9,3
2344,23,27
2345,1,1
2348,2,2
2349,5,7
2352,3,3
2262,34,36
2346,6,6
2353,1,1
2356,2,2
2357,1,1
2358,1,1
2360,1,1
2363,6,5
2364,3,4
2365,3,4
2366,1,1
2368,1,1
2328,26,35
2359,4,5
2369,2,1
2371,4,4
2372,1,1
2373,2,2
2374,1,1
2367,3,1
2375,1,1
2377,4,2
2242,1,1
2379,2,2
2378,47,55
2380,2,2
2381,1,1
2382,1,1
2383,1,2
2384,1,0
2249,7,8
2385,1,2
2386,3,3
2387,1,3
2389,5,5
2390,2,2
2370,5,6
2391,2,2
2392,19,19
2393,2,2
2394,1,1
2395,1,1
2362,1,1
2315,14,17
2397,43,48
2398,14,11
2399,19,20
2400,2,2
2401,1,1
2350,2,2
2404,63,65
2406,2,2
2407,3,4
2408,4,4
2411,5,4
2405,7,5
2412,3,2
2414,1,0
2417,1,1
2291,5,5
2419,11,12
2420,2,4
2421,2,2
2422,1,1
2351,4,44
2423,1,1
2424,4,3
2425,1,0
2416,3,3
2426,1,1
2427,13,11
2428,2,1
2429,3,2
2403,1,2
2430,10,8
2354,1,1
2432,1,0
2433,2,0
2434,6,3
2415,5,5
2435,2,2
2436,1,1
2437,12,14
2438,4,3
2410,4,3
2439,1,0
2440,1,1
2441,2,3
2443,2,2
2444,3,2
2445,1,1
2409,7,4
2446,2,1
2447,2,3
2449,6,4
2450,1,0
2451,1,1
2452,1,1
2453,2,0
2454,2,2
2455,14,0
2458,1,1
2459,1,1
2460,1,1
2461,1,1
2462,1,1
2448,1,2
2463,2,2
2456,1,1
2464,6,8
2418,0,1
2466,2,2
2468,1,1
2469,1,1
2470,5,5
2471,3,1
2473,2,2
2472,14,15
2474,1,0
2475,10,10
2476,4,5
2477,1,1
2478,1,1
2442,2,2
2479,1,1
2481,1,0
2482,1,0
2485,38,43
2486,5,5
2484,18,16
2487,3,3
2488,1,1
2483,1,2
2480,4,0
2489,2,0
2490,1,1
2491,3,3
2492,1,1
2493,1,1
2273,1,1
2495,4,3
2496,10,10
2494,6,7
2497,1,1
2499,2,0
2498,45,0
2500,1,1
2501,2,4
2502,2,2
2503,3,1
2504,1,1
2505,7,4
2506,1,0
2507,1,2
2508,1,1
2509,1,1
2510,1,5
2511,2,0
2512,2,3
2513,2,1
2514,5,1
2515,1,1
2516,5,9
2517,2,1
2518,2,2
2519,1,1
2520,2,3
2347,1,1
2522,3,0
2523,1,1
2521,4,4
2524,12,35
2525,3,3
2527,1,0
2528,1,0
1954,3,1
2529,4,4
2531,3,2
2532,3,0
2533,1,0
2534,1,1
2535,7,7
2536,8,10
2537,3,3
2355,2,1
2538,27,25
2539,3,1
2540,12,2
2541,3,1
2542,3,1
2543,3,1
2544,3,1
2545,3,1
2546,2,2
2547,1,0
2548,6,0
2549,3,2
2550,3,3
2551,1,0
2552,17,19
2553,1,1
2555,1,2
2556,3,3
2557,1,1
2558,9,8
2559,1,1
2561,6,5
2562,2,2
2563,3,3
2565,29,26
2566,12,7
2567,5,2
2568,7,7
2569,6,4
2570,5,2
2571,7,1
2572,3,1
2573,4,1
2574,12,7
2575,1,1
2576,2,1
2577,1,0
2578,2,2
2579,1,1
2564,2,1
2580,7,3
2581,5,5
2582,2,3
2584,2,1
2376,1,1
2585,7,8
2586,1,1
2587,2,2
2588,3,2
2589,6,6
2590,11,11
2591,1,1
2592,5,6
2594,7,2
2595,1,0
2596,1,0
2597,3,2
2598,3,2
2600,82,84
2601,5,3
2602,4,0
2603,4,3
2604,2,0
2605,5,5
2606,3,2
2530,1,0
2608,1,1
2610,5,5
2611,1,1
2612,4,4
2613,1,0
2614,2,5
2615,1,1
2616,1,1
2617,2,0
2619,1,0
2620,1,1
2621,5,0
2622,4,2
2623,5,2
2624,2,0
2625,133,90
2626,2,2
2627,1,1
2628,7,5
2629,6,0
2630,2,3
2631,6,6
2633,4,0
2632,4,5
2634,2,0
2635,64,79
2593,6,5
2636,8,8
2637,1,1
2638,1,1
2639,5,2
2640,3,1
2641,1,1
2388,136,197
2329,1,0
2642,412,406
2643,1,1
2644,4,3
2645,1,1
2646,4,4
2647,52,60
2648,2,1
2649,1,1
2651,1,1
2653,1,0
2655,2,0
2657,10,7
2658,23,42
2659,1,1
2660,2,1
2661,18,15
2662,1,2
2663,2,1
2396,4,8
2664,1,1
2665,3,2
2666,5,1
2667,1,1
2668,1,4
2669,5,2
2670,7,7
2671,5,1
2672,9,6
2673,2,0
2674,9,5
2675,3,2
2677,2,4
2676,6,4
2678,4,4
2681,3,2
2680,6,12
2682,7,12
2683,8,7
2684,6,9
2685,1,1
2686,6,3
2687,1,0
2607,2,2
2689,3,0
2690,3,1
1781,1,0
2693,6,6
2694,4,2
2695,2,1
2696,1,1
2697,2,0
2698,2,0
2699,6,1
2701,7,2
2702,7,3
2700,9,5
2703,4,1
2704,5,1
2705,4,1
2706,2,0
2707,2,0
2708,2,0
2709,2,0
2710,17,18
2711,2,8
2713,2,2
2715,1,1
2716,7,5
2712,5,2
2717,2,3
2718,3,1
2719,1,1
2720,4,3
2721,5,0
2722,3,0
2723,2,3
2726,7,7
2599,2,2
2727,1,1
2729,1,1
2728,29,26
2731,5,9
2714,4,2
2732,5,6
2734,1,0
2735,3,1
2736,2,1
2737,4,1
2738,3,3
2739,2,2
2740,2,1
2654,6,4
2741,3,0
2742,4,4
2743,1,0
2744,2,1
2745,2,2
2746,3,2
2747,3,1
2748,1,1
2749,3,0
2750,1,1
2752,3,0
2753,2,0
2725,68,66
2754,3,3
2755,21,21
2756,1,1
2757,6,4
2758,3,3
2760,1,0
2762,4,4
2763,27,31
2765,1,1
2766,2,1
2724,5,4
2768,2,2
2761,3,3
2769,2,1
2770,5,4
2771,1,1
2691,4,41
2751,2,3
2772,3,2
2773,1,0
2774,2,2
2776,1,1
2777,17,17
2779,2,1
2733,23,21
2780,17,18
2781,3,2
2782,6,6
2783,1,1
2775,19,20
2786,1,1
2787,3,1
2788,3,3
2789,2,5
2784,23,23
2790,1,1
2791,1,1
2778,9,8
2792,1,1
2793,1,1
2795,12,17
2679,3,3
2797,1,1
2798,1,1
2799,2,2
2800,2,2
2801,4,3
2802,1,2
2803,6,6
2618,3,1
2804,2,2
645,2,0
2805,11,12
2796,2,1
2609,3,3
2806,2,2
2807,2,2
2808,4,4
2809,4,4
2810,1,1
2811,3,3
2812,7,8
2813,2,2
2814,1,1
2815,2,0
2816,1,1
2817,3,2
2819,6,6
2820,1,0
2818,2,2
2823,4,4
2730,5,5
2824,1,1
2825,2,5
2827,1,1
2822,16,27
2828,3,3
2785,1,1
2829,4,4
2821,4,5
2832,1,1
2833,1,1
2830,1,1
2834,1,0
2836,1,1
2838,3,3
2839,10,10
2840,6,7
2843,1,1
2841,1,1
2844,2,2
2826,1,1
2846,1,1
2794,1,1
2831,1,1
2848,23,28
2849,1,1
2845,3,5
2850,1,1
2851,7,4
2852,3,3
2853,1,1
2835,64,71
2856,1,1
2855,0,1
2857,2,3
2858,2,2
2859,10,13
2860,4,1
2862,2,2
2854,1,1
2863,1,0
2864,1,0
2865,2,2
2866,3,2
2868,4,3
2869,1,1
2767,9,9
2870,2,2
2867,5,5
2871,2,1
2872,2,1
2873,2,2
2688,20,21
2861,14,17
2874,3,3
2875,4,5
2877,5,65
2878,9,11
2879,5,3
2880,18,20
2882,1,1
2881,6,3
2883,1,0
2884,2,2
2885,2,2
2886,1,1
2837,4,4
2876,6,6
2887,2,4
2888,2,2
2889,5,4
2891,4,4
2892,10,11
2893,2,1
2894,1,2
2895,2,2
2896,3,3
2898,9,8
2900,1,1
2901,10,6
2897,71,76
2904,1,2
2903,14,11
2905,2,2
2906,6,6
2908,2,2
2909,2,2
2910,5,4
2911,2,0
2912,1,1
2914,1,1
2915,4,5
2916,3,3
2917,1,0
2918,1,3
2920,1,1
2921,1,0
2923,2,2
2919,4,1
2922,2,1
2924,1,1
2925,2,2
2926,2,0
2927,1,0
2928,5,5
2930,1,1
2847,2,2
2932,1,0
2933,4,1
2935,1,0
2936,1,1
2937,3,4
2938,0,1
2939,2,2
2940,8,8
2941,1,1
2942,123,128
2943,14,13
2944,9,9
2945,2,2
2946,1,1
2947,1,0
2948,8,7
2656,2,1
2953,2,0
2931,1,1
2955,2,2
2956,1,1
2959,1,1
2961,14,16
2962,15,9
2963,9,9
2960,2,1
2964,3,0
2965,1,0
2968,1,0
2970,2,0
1975,1,0
2971,2,0
2972,1,0
2974,1,1
2899,1,1
2975,1,1
2976,2,2
2977,16,18
2978,1,1
2980,2,1
2934,48,78
2982,1,2
2929,5,4
2983,1,1
2984,1,1
2981,4,5
2985,1,0
2986,1,0
2973,2,3
2988,1,0
2989,1,1
2990,1,0
2991,1,1
2992,4,2
2993,4,3
2994,1,1
2952,4,5
2995,1,1
2997,1,1
2998,2,2
2999,1,1
3000,30,31
2987,12,8
3001,8,8
2996,1,0
3002,7,6
3005,4,5
3003,7,6
3008,2,1
3009,1,1
3010,1,1
3011,1,1
2950,4,4
3012,1,1
3013,29,27
3006,14,12
3015,2,4
3016,3,4
3017,1,1
3018,64,69
3019,3,2
3020,10,13
3021,2,1
2183,1,1
3022,1,0
3023,8,6
3025,6,0
3026,1,1
3027,6,0
3028,1,0
3029,8,9
3030,1,0
3031,1,2
3033,2,3
2402,3,3
3034,1,1
2969,4,5
3035,2,1
3036,8,8
3037,5,6
3038,1,1
3041,1,2
3040,34,37
3045,7,8
3046,1,1
3044,6,6
3048,1,0
3049,1,0
3050,4,4
3051,1,0
3052,1,0
3053,1,1
3054,3,4
3055,1,1
3058,1,0
3059,3,1
2949,1,1
3060,3,2
3063,6,6
3064,1,1
3065,2,1
3066,2,0
3067,2,2
3068,1,0
3070,1,1
3069,1,1
3073,1,0
3075,1,1
3076,3,3
3071,1,0
3077,2,0
3078,2,2
3080,1,1
3081,1,1
3082,2,2
3083,1,1
3084,2,2
2692,2,3
3056,2,2
3085,2,1
3086,19,12
3087,5,5
3088,1,1
3089,1,1
3090,1,1
2890,1,1
3092,2,2
3093,3,3
3094,1,1
3095,1,0
3097,1,0
3098,1,1
3099,36,46
3079,1,1
3102,2,2
3103,4,5
3104,3,2
3105,10,11
3106,4,3
3107,25,25
3108,1,0
3109,1,0
3110,3,3
3111,2,2
3112,1,1
3114,1,1
3115,1,1
3116,2,1
3117,1,0
3118,1,0
3119,10,10
3120,3,5
3122,3,3
3123,2,2
3124,1,1
3125,1,1
3127,2,3
3128,1,1
3129,17,212
3132,1,0
3047,9,9
3138,1,1
3139,1,1
3140,1,3
3141,1,1
3142,2,3
3145,2,0
3113,16,16
3146,10,10
3147,1,1
3148,3,3
3149,1,0
3150,1,1
3151,1,1
3144,1,1
3153,3,5
3154,1,0
3137,2,2
3155,3,3
3156,1,0
3136,9,10
3157,1,1
3158,1,1
3121,1,1
3159,1,0
3161,20,26
3163,2,0
3164,1,1
3165,6,5
3166,2,2
3162,1,0
3167,1,0
3169,1,1
3171,2,1
2759,1,1
3173,1,1
3174,1,1
3175,2,0
3176,1,0
3177,1,0
3178,2,0
3179,1,0
3180,1,1
3181,1,1
3172,7,8
3182,5,6
3183,2,2
3185,9,9
3184,2,2
3187,1,1
3188,1,1
3190,3,4
3191,2,1
3192,1,1
3024,2,2
3193,5,4
3194,6,6
3195,15,14
3196,2,3
3197,10,11
3198,3,2
3199,1,2
3200,1,0
3201,1,0
3202,2,2
3203,2,2
3204,6,8
2526,1,1
3205,1,1
3206,2,2
3208,11,8
3209,4,4
3210,2,1
3211,2,3
3212,1,0
3213,1,0
3214,5,4
3215,1,1
3061,1,0
3216,1,1
3217,3,3
3218,1,1
3219,47,46
3220,2,2
3221,3,3
3222,1,1
3223,20,22
3224,1,0
3226,1,2
3227,2,2
3228,1,0
3229,14,13
3230,1,2
3043,2,2
3231,4,4
3232,1,1
3233,15,13
3234,1,1
3235,1,0
3237,12,14
3238,1,1
3239,18,19
3240,1,1
3241,2,2
3225,4,4
3242,5,5
3243,1,1
3244,1,1
3032,1,1
3062,6,4
3245,1,1
3246,4,4
3248,2,2
3249,1,1
3207,4,4
3250,3,4
3251,1,3
3252,3,2
3253,1,1
3254,3,3
3255,2,2
3258,2,1
3259,4,2
3260,32,1
3261,1,2
3262,2,2
3263,1,1
3264,2,2
3265,2,2
2465,1,0
3266,1,0
3267,2,2
3269,2,3
3268,6,4
3270,8,3
3271,1,1
3274,2,3
3275,2,2
2958,8,9
3273,15,13
3276,2,2
3042,1,1
3277,2,2
3279,1,1
2913,2,2
3135,1,1
3072,1,2
3280,1,1
3281,1,1
3282,0,1
3283,3,2
3284,1,0
3285,3,3
3236,6,7
3286,1,1
3287,3,3
3289,1,1
3290,1,1
3291,1,0
3292,3,3
3294,1,0
3295,2,3
3296,4,3
3293,3,0
3297,2,2
3298,2,2
3299,2,1
3301,1,1
3091,1,1
3303,1,1
3304,2,2
3305,1,0
3306,1,1
3307,1,0
3308,1,1
3309,4,4
3312,1,0
3313,2,2
3310,1,2
3314,8,6
3257,4,4
3315,2,2
3316,10,10
3317,10,9
3318,2,1
3319,18,15
3320,2,2
3321,5,5
3322,1,1
3323,3,3
3324,1,0
3325,1,0
3327,6,7
3326,9,9
3329,2,2
3331,1,1
3332,1,1
3333,7,2
3334,1,1
3335,9,11
3336,2,2
3337,2,2
3338,1,2
3340,1,1
3341,8,1
3342,5,5
3343,2,1
3344,1,1
3345,48,46
3346,3,2
3347,3,4
3348,2,2
3349,6,8
3351,1,1
3352,2,3
3353,14,14
3354,2,1
3355,2,2
3357,5,0
3358,1,1
3359,2,3
3360,1,1
3361,2,4
3362,1,0
3363,3,2
3364,1,0
3365,1,1
3366,48,43
3368,1,1
3369,2,1
3371,2,0
3372,1,0
3373,2,0
3374,13,14
3375,1,0
3377,6,8
3378,7,4
2966,2,4
3379,3,2
3380,6,5
3382,2,1
3370,2,2
3383,1,2
3381,3,8
3384,2,0
3328,3,2
3376,2,0
3386,0,1
3387,1,1
3388,3,3
3390,1,1
3391,6,5
3393,1,0
3394,5,6
3395,1,1
3288,1,0
3396,2,2
3397,9,9
3367,5,3
3398,1,0
3385,4,4
3399,2,0
3400,1,1
3401,1,1
3403,1,0
3404,11,10
3405,5,5
3406,1,2
3407,1,1
3408,8,9
3409,1,0
3410,3,1
3411,1,1
3412,3,3
3414,4,3
3413,5,8
2902,1,1
3416,1,0
3417,4,5
3418,1,1
3419,1,1
3420,1,1
3421,2,2
3422,6,5
3423,1,1
3424,1,0
3426,1,0
3428,2,0
3430,1,1
3431,1,0
3432,1,0
3434,1,1
3435,3,3
3436,6,0
3437,1,0
3438,2,2
3170,1,0
3439,1,2
2652,2,2
3440,1,1
3433,3,2
3442,2,1
3441,3,3
3443,1,1
3444,5,2
3445,25,29
3446,1,0
3447,1,0
3448,3,2
3449,4,3
3392,3,3
3450,3,4
3311,2,2
3451,100,106
3452,39,63
3453,5,5
3455,3,3
3456,2,3
3457,1,0
3458,2,2
3459,4,3
3460,1,1
3462,4,6
3463,6,4
3465,37,47
3467,1,1
3468,1,1
3469,1,1
3470,14,12
3464,2,2
3471,1,1
3473,3,0
3474,2,2
3472,2,1
3475,4,3
3476,8,8
3247,1,1
3477,1,2
3478,2,2
3480,1,0
3481,4,5
3482,1,1
3483,2,1
3484,1,1
3485,1,0
3300,2,3
3143,2,1
3486,1,2
3487,11,10
3489,4,5
3490,7,7
3491,1,0
3492,1,3
3493,1,3
3494,2,2
3495,1,1
3454,1,2
3497,1,1
3498,3,9
3499,1,1
3500,7,7
3501,2,3
3502,1,0
3503,2,2
3466,4,5
3429,40,44
3504,7,9
3505,1,1
3506,5,5
3272,3,4
3507,1,1
3302,2,2
3427,18,20
3508,1,2
3509,3,3
3510,4,3
3511,4,4
3512,9,12
3514,1,2
3515,3,4
2050,3,4
3517,2,0
3518,1,1
3520,3,3
3521,2,3
3522,4,2
3523,1,1
3524,2,2
3525,1,1
3415,1,1
3513,8,0
3528,6,6
3529,1,1
3526,4,4
3532,1,0
3533,6,6
3536,1,1
3537,1,1
3538,4,4
3527,27,37
3539,5,7
3540,2,3
3542,1,1
3543,5,5
3541,2,2
3546,1,1
3545,32,30
3547,10,9
3548,3,2
3549,8,10
3496,2,1
3100,1,0
3550,1,1
3551,2,1
3553,2,1
3552,16,0
3554,2,1
3555,2,0
3556,2,6
3557,2,1
3558,2,1
3559,1,0
3560,2,0
3561,3,1
3562,4,1
3563,2,2
3564,2,1
3565,2,4
3566,2,1
3567,2,1
3568,3,3
3569,2,1
3570,2,1
3571,18,17
3516,1,0
3572,24,26
3126,1,1
3573,3,3
3574,6,7
3575,1,1
3576,0,1
3577,2,2
3578,46,48
3579,1,1
3581,7,9
3583,6,6
3584,1,2
3585,3,2
3586,2,2
2019,1,1
3587,1,0
3544,1,1
3588,2,2
3589,1,1
3580,2,2
3590,5,7
3591,2,2
3593,7,10
3594,1,1
3596,2,3
3597,2,3
3592,3,3
3599,1,1
3600,13,11
3601,1,1
3534,4,3
3602,1,1
3603,2,4
3604,1,1
3605,2,2
3606,1,0
3607,1,1
3608,1,1
3609,3,4
3610,4,3
3611,11,11
3612,1,1
3613,1,1
3614,1,0
3615,3,2
3616,1,0
3617,1,1
3618,2,2
3619,1,1
3620,5,5
3621,8,8
3622,1,1
3624,6,8
3625,1,1
3623,3,3
3626,3,2
3627,1,1
3628,4,4
3631,1,1
3632,3,1
3633,1,0
3634,1,0
3635,1,1
3629,5,5
3636,1,0
3637,1,0
3639,1,1
3519,3,2
3642,36,34
3643,1,1
3644,1,0
3645,2,2
3582,2,3
3646,11,9
3647,1,1
3641,12,16
3648,5,4
3650,2,2
3652,1,1
3653,25,32
3654,1,1
3655,11,10
3657,1,1
3658,1,1
3659,1,2
3531,16,15
3661,2,2
3535,2,2
3662,1,1
3663,1,2
3664,2,2
3665,1,6
3640,26,44
3666,10,10
3667,1,2
3668,2,2
3669,37,38
3671,1,1
3672,1,1
3673,1,1
3674,1,1
3675,1,1
3676,1,1
3670,1,2
3189,4,4
3677,2,2
3678,1,1
3679,2,2
3680,1,1
3681,2,2
3682,5,5
3630,23,22
3683,2,2
3684,1,1
3685,1,0
3686,1,1
3687,1,1
3688,1,1
3690,1,0
3691,1,0
3692,1,0
3693,1,0
3694,2,1
3695,3,3
3696,3,3
3656,21,22
2907,1,1
3697,5,8
3698,1,0
3700,1,1
3595,1,1
3701,1,1
3702,1,1
3074,1,1
3699,48,49
3704,3,4
3705,1,1
3706,1,1
3707,38,50
3708,1,1
3709,1,1
3710,1,1
3712,1,1
3713,4,5
3715,12,11
3716,1,1
3717,1,1
3718,1,3
3719,61,69
3649,96,108
3720,2,1
3689,3,4
3721,1,1
3722,46,89
3723,7,7
3724,11,9
3725,13,14
2431,5,5
3726,1,0
3727,1,1
3703,4,4
3714,36,39
3728,1,0
3729,2,1
3730,2,2
3731,2,2
3732,1,1
3733,1,1
3734,8,6
3735,129,133
3736,3,2
3737,1,1
3389,13,11
3738,19,19
3739,1,2
3740,2,2
3741,1,0
3742,1,1
3744,81,32
3160,5,5
3745,1,1
3660,4,8
3747,1,1
3749,2,2
3750,15,15
3751,1,1
3752,1,1
3753,1,0
3754,1,0
3755,1,1
3756,21,22
3757,21,18
3758,2,1
3759,16,21
3760,17,23
3761,2,0
3762,1,1
3763,1,1
3764,7,6
3765,4,3
3767,13,12
3766,3,5
3768,2,3
3769,4,3
3770,1,1
3771,1,1
3773,1,0
3774,1,1
3775,1,1
3776,10,4
3777,1,1
3778,1,1
3779,1,1
3781,27,27
3782,1,0
3783,3,5
3784,2,2
3786,6,28
3787,6,27
3788,6,25
3789,6,29
3790,6,28
3792,6,28
3793,5,28
3791,6,28
3794,5,28
3795,5,29
3785,1,3
3796,3,3
3798,3,4
3799,1,2
3800,5,6
3801,4,5
3802,2,2
3803,7,7
3804,36,42
3805,1,1
3807,4,2
3780,1,1
3808,3,3
3810,7,10
3811,1,0
3797,11,5
3812,1,0
3813,5,6
3814,2,2
3815,21,19
3806,2,2
3817,2,1
3818,1,0
3819,1,1
3822,1,1
3823,2,3
3825,2,2
3826,2,8
3828,99,105
3829,1,2
3830,6,7
3832,2,3
3835,1,1
3836,1,1
3838,1,2
3839,1,0
3840,1,1
3841,5,3
3842,1,1
3820,52,51
3843,2,2
3844,3,3
3824,7,7
3845,3,3
3846,5,5
3847,4,4
3848,1,1
3849,1,2
3746,19,20
3850,4,5
3851,6,5
3852,2,3
3853,1,1
3854,16,15
3816,2,2
3855,1,1
3856,3,4
3857,4,4
3858,1,1
3859,1,0
3860,2,2
3861,2,2
3863,2,2
3864,8,7
3865,2,2
3748,2,1
3867,1,1
3868,1,1
3869,4,2
3834,1,1
3870,1,0
3871,1,1
3872,5,0
2954,1,1
3873,2,2
3874,1,1
3875,5,5
3876,1,0
3877,1,0
3878,55,65
3879,3,3
3880,29,26
3881,1,1
3882,1,1
3883,1,1
3885,3,3
3886,1,1
3887,7,8
3888,1,2
3889,1,0
3890,1,1
3168,10,10
3891,1,1
3892,24,24
3893,5,4
3895,1,0
3896,1,1
3897,128,104
3898,4,6
3821,3,3
3899,1,1
3900,1,1
3901,7,5
3902,2,2
3903,32,36
3904,26,28
3905,1,1
3906,1,0
3907,1,1
3908,1,0
3910,9,9
3911,1,1
3912,1,1
3913,1,1
3894,1,1
3914,1,2
3916,71,74
3917,2,2
3918,1,4
3919,10,28
3920,1,1
3922,3,3
3923,9,8
3924,3,3
3925,2,3
3927,2,2
3928,8,10
3929,1,1
3134,1,0
3931,1,0
3932,1,0
3256,1,0
3938,1,0
3940,1,0
3944,1,0
3945,1,0
3950,1,0
3951,1,0
3953,1,0
3955,1,0
3958,1,0
3959,1,0
3966,5,4
3967,1,0
3968,1,1
3970,1,0
3862,2,2
3972,6,6
3866,2,0
3973,1,1
3974,2,2
3884,4,5
3975,1,0
3976,26,27
3977,1,1
3978,1,1
3979,1,0
3980,9,10
3981,9,10
3982,10,10
3983,1,1
3984,1,1
3985,1,1
3986,11,7
3987,1,1
3989,6,4
3990,4,5
3991,2,1
3952,2,0
3993,1,1
3995,3,2
3996,2,1
3997,1,0
3998,1,1
3999,2,2
4000,2,2
4001,2,2
4002,5,6
3479,3,2
4003,2,2
4004,16,15
4005,3,3
4006,1,1
4008,3,3
4007,4,3
4010,1,1
4011,8,8
4012,1,0
3994,1,1
4013,1,1
4014,1,2
4015,1,1
4016,2,2
4017,4,4
4018,1,1
3988,115,190
4019,1,1
3651,1,1
4020,1,1
4022,3,3
4023,1,0
4024,4,4
4025,2,2
4026,15,12
4027,5,4
4028,1,1
4029,1,1
4033,1,2
4034,1,1
4032,4,4
4035,4,4
4030,2,1
4036,6,3
4037,1,0
4038,31,32
4039,1,1
4040,1,1
3915,7,6
4031,9,8
4041,1,1
4042,3,2
4043,1,1
4044,2,2
4045,1,1
4046,1,0
4047,2,2
4048,2,2
4049,2,2
4050,1,1
4051,1,1
4052,2,2
4053,2,2
4054,1,1
4055,3,3
4056,1,0
4057,2,2
4058,3,2
4059,1,1
4060,2,3
4061,1,1
4062,1,1
4063,1,0
4064,2,1
4066,1,0
4065,1,2
4067,2,1
3936,1,0
3942,1,0
3943,1,0
4069,1,0
4070,1,0
3131,1,0
4071,1,0
4072,1,0
3130,1,0
4074,1,3
4076,2,6
4077,1,1
3831,2,2
4078,5,6
4079,1,1
4080,2,1
4081,1,0
4082,1,1
4083,1,0
4084,18,12
3909,2,2
4085,1,1
4086,2,4
3827,2,0
4087,1,0
4075,12,9
4089,1,2
4090,3,3
4091,1,1
3101,2,2
4092,2,2
4093,1,1
4094,1,0
4095,1,1
4096,1,1
3488,3,4
4097,3,3
4099,1,1
4100,1,0
4101,2,2
4102,1,1
4104,1,0
3948,2,0
4105,4,0
3971,9,0
4106,1,1
4108,1,1
4109,1,1
4110,2,2
3096,1,1
4111,1,1
4112,1,1
4113,4,5
4114,16,18
4115,3,3
4116,1,2
4117,1,1
4118,7,9
4119,21,22
3935,7,29
4120,1,0
4121,1,1
4122,9,8
4123,1,1
4124,5,3
4125,6,7
4126,2,2
4127,1,1
4128,2,3
4129,1,0
4130,1,0
4131,9,7
4132,0,1
4133,2,1
4134,2,2
4135,3,1
4088,6,7
4136,14,12
4137,2,2
4138,2,0
4140,2,2
4139,4,5
4142,1,1
4143,1,0
4144,1,1
4141,1,1
4107,41,56
4145,2,2
4146,1,1
4147,1,0
4148,1,1
4149,2,2
4150,1,1
4151,2,0
4152,3,3
4153,1,1
4154,1,1
4155,2,2
4156,1,1
4157,2,0
4158,2,4
4159,4,4
4160,1,0
4161,1,1
4162,2,2
3711,1,1
4163,14,24
4164,1,4
4165,1,1
4168,1,1
4169,5,7
4170,1,1
4171,1,1
4173,0,1
4174,4,8
4175,3,0
4177,1,1
4178,1,2
4179,12,0
4180,1,0
4181,6,6
4182,1,0
4183,1,1
4184,6,5
4103,3,2
4185,2,2
4186,1,1
4187,1,1
4188,5,3
4172,222,264
4098,8,6
4191,1,1
4192,2,1
4190,1,1
4195,4,1
4196,3,3
4198,13,12
4199,1,1
4200,1,1
4201,2,2
4166,1,1
4202,2,2
4203,4,6
4204,7,17
4205,20,34
4206,5,5
4208,1,1
4197,203,202
4209,13,13
4210,4,4
4211,7,0
4212,2,1
4213,4,3
4215,1,1
4216,1,0
4217,20,20
4218,1,1
4219,3,3
4220,1,1
3926,20,17
4221,1,0
3921,1,0
4224,1,0
4226,1,1
4227,3,3
4214,3,4
4228,4,4
4229,2,2
4230,2,2
3743,6,0
4231,6,9
4232,1,1
4233,5,5
4225,1,1
4234,1,1
4235,10,9
4167,2,2
4236,17,17
4237,2,2
4238,11,13
4239,1,1
4240,1,1
4241,1,0
4242,1,0
4243,1,1
4244,10,13
4245,2,2
4246,1,1
4250,1,1
4251,12,1
4253,11,9
4249,3,3
4255,1,1
4256,1,1
4257,1,1
4259,1,1
4261,1,1
4262,1,1
4263,1,1
4264,3,3
4265,3,3
4266,19,24
4267,8,9
4268,1,1
4269,7,5
4176,2,3
4270,2,2
4271,1,1
4274,5,4
4275,3,0
4189,12,11
4258,4,4
4276,2,2
4252,5,4
4277,2,3
4278,3,3
4279,11,4
4280,3,3
4282,1,1
4283,6,5
4281,19,21
4284,19,17
4285,9,7
4286,1,0
4287,5,5
4288,4,0
4289,2,0
4291,158,172
4292,1,1
4293,1,1
4294,1,1
4295,7,8
4296,2,2
4297,5,7
4298,1,0
4299,1,1
4247,2,3
4300,4,4
4301,9,24
4302,3,4
4303,1,1
4304,29,35
4290,3,2
4305,1,1
4306,1,1
4307,1,1
4309,1,0
4310,1,0
4311,1,0
4222,2,4
4312,1,1
4313,1,1
4314,1,1
4254,26,28
4315,31,38
4316,3,3
4317,2,1
4318,1,1
4319,1,1
4320,31,32
4321,1,1
4323,1,1
4273,6,6
4324,1,0
4325,1,8
3330,0,19
4326,2,0
4327,1,1
4328,3,3
4329,1,1
4330,6,3
4331,10,11
4333,1,1
4334,12,11
4335,3,3
4337,6,6
4339,5,6
4342,1,1
4207,1,1
4343,1,1
4344,1,1
4345,1,1
4346,1,1
4347,1,1
4348,1,2
4349,1,0
4336,3,3
4350,14,4
4351,2,0
4352,1,0
4353,9,9
4354,3,4
4355,2,1
4356,3,0
4360,16,17
4361,10,11
4362,2,1
4364,2,0
4365,42,42
4366,3,3
4363,24,25
4367,1,1
4368,1,1
4369,1,1
4371,1,1
4372,1,0
4370,13,7
4373,1,0
4248,1,1
4374,1,1
4375,4,4
4376,1,1
4377,1,1
4378,1,1
4379,11,10
4381,5,5
4382,13,12
4359,2,0
4383,2,0
4384,3,3
4385,17,52
4386,1,1
4387,1,1
4388,2,2
4389,5,6
4390,1,1
4391,2,1
4380,2,2
4392,4,5
4393,3,1
4394,2,2
4395,2,1
4396,1,1
4397,3,3
4398,6,8
4399,2,0
4401,2,2
4403,1,1
4404,2,0
4405,3,3
4406,8,7
4402,42,44
4408,0,1
4410,1,0
4407,2,2
4411,8,8
4412,2,2
4413,2,3
4414,1,1
4415,2,3
4322,4,3
4416,3,4
4417,3,2
4418,2,2
4419,12,12
4420,3,2
4421,5,6
4422,1,1
4423,4,4
4424,12,11
4425,1,1
4409,8,8
4426,1,1
4427,6,2
4428,1,1
4429,1,0
4431,5,5
4432,3,2
4433,1,1
4435,1,1
4436,1,1
4437,1,2
4438,1,0
4439,4,2
3837,51,45
4400,27,26
4440,3,3
4441,1,1
4442,1,1
4443,3,2
4444,2,3
4445,0,1
4446,1,0
4430,3,3
4447,1,1
4448,1,1
4434,13,13
4449,3,3
4450,6,4
4451,1,1
4452,8,10
4453,1,1
4454,1,2
4455,2,2
4456,1,1
4457,3,3
4460,2,3
4308,8,5
4462,4,4
4463,2,1
4459,18,20
4464,1,0
4465,1,0
4466,3,0
4468,1,0
4469,1,0
4470,1,0
4471,1,0
4472,1,0
4473,1,0
4474,3,0
4475,1,0
4476,1,0
4477,2,0
4478,5,4
4479,2,1
4481,1,1
4480,2,2
4482,8,8
4467,3,4
4483,2,2
4484,1,1
4485,1,1
4486,2,2
4487,6,6
4488,1,1
4489,7,7
4490,10,11
4491,1,1
4492,3,0
4493,4,4
4494,1,1
4497,1,1
4495,3,3
4496,1,1
4498,1,0
4499,38,39
4501,2,1
4502,2,1
4503,1,1
4504,4,0
4505,2,2
4506,3,0
4507,2,0
4508,1,1
4458,9,40
4509,1,0
4511,24,26
4512,1,1
4513,1,1
4514,3,3
4515,47,49
4517,1,0
4519,11,6
4520,1,1
4523,4,4
4524,7,2
4525,2,8
4526,1,0
4527,2,2
4528,2,2
4521,9,9
4530,5,5
4531,25,22
4532,33,64
4533,1,1
4522,10,13
4534,3,1
4535,3,1
4537,2,2
4539,3,2
4529,3,0
4540,4,0
4541,2,0
4542,1,0
4543,8,8
4544,2,0
4545,2,0
4546,8,7
4547,1,1
4548,1,2
4549,2,2
4550,1,0
4551,4,5
4552,1,1
4553,26,27
4555,2,1
4556,4,0
4557,2,2
4560,1,0
4563,4,2
4564,1,1
4559,82,107
4565,4,5
4538,3,3
4567,1,0
4568,1,3
4518,13,14
4569,7,5
4570,15,18
4571,4,4
4572,1,1
4554,33,37
4574,2,2
4576,1,1
4577,1,1
4578,3,3
4579,4,5
4580,1,0
4581,1,1
4536,1,2
4582,2,3
4583,2,2
4584,7,10
4585,1,1
4586,1,1
4588,2,3
4589,1,1
4590,0,7
4591,1,2
4592,18,18
4587,3,4
4593,3,1
4594,7,7
4595,4,5
4596,3,3
4597,3,3
4598,3,2
4599,8,8
4600,1,2
4601,5,5
4602,1,1
4603,4,2
4566,3,2
4606,3,3
4607,1,1
4608,7,10
4609,4,4
4604,12,11
4605,10,10
4612,1,1
4613,2,1
4614,4,3
4616,4,5
4617,1,1
4558,2,2
4619,1,1
4620,1,1
4621,2,1
4618,6,5
4622,6,5
4623,1,1
4611,72,70
4624,2,2
4625,6,4
4626,1,1
4627,1,1
4628,1,1
4629,1,1
4630,3,3
4631,1,1
4632,5,5
4633,1,0
4634,1,0
4635,83,63
4636,2,0
4637,4,3
4562,13,12
4639,1,1
4640,1,1
4641,3,3
4642,4,5
4643,2,2
4461,4,3
4644,1,2
4645,13,12
4646,6,6
4647,2,1
4638,6,4
4649,69,67
4650,5,7
4651,1,2
4652,1,1
4653,1,0
4654,25,21
4655,2,1
4656,3,1
4657,1,1
4658,1,1
4659,7,9
4660,1,1
4661,21,17
4662,4,3
4663,4,3
4664,4,3
4665,2,2
4666,21,14
4667,18,14
4668,16,17
4670,1,1
4669,16,5
4671,1,0
4672,18,12
4673,24,8
4674,3,3
4675,22,9
4676,19,13
4677,17,0
4678,20,14
4680,21,16
4679,21,16
4681,22,17
4682,20,17
4683,33,11
4684,20,3
4685,1,1
4686,25,13
4687,6,2
4688,23,11
4690,1,1
4691,1,1
4692,1,1
4693,8,8
4694,80,75
4695,1,1
4696,1,1
4697,3,3
4698,10,8
4699,3,3
4700,1,1
4701,17,4
4702,2,0
4703,2,2
4704,1,0
4705,1,0
4706,2,0
4707,33,3
3425,2,1
4708,8,8
4709,12,12
4728,1,2
4729,7,8
4730,1,1
4731,4,3
4732,10,8
4610,3,3
4689,1,1
4516,3,3
4733,29,4
4734,1,1
4735,5,3
4736,2,1
4737,1,0
4738,1,0
4739,6,0
4741,3,1
4742,3,1
4743,16,3
4744,19,2
4573,4,5
4746,11,6
4740,3,3
4745,4,5
4747,14,0
4748,7,1
4749,1,1
4750,1,1
4751,4,4
4752,1,1
4753,10,6
4754,1,1
4755,2,2
4756,5,4
4757,1,1
4758,1,3
4759,2,3
4760,1,2
4761,3,3
4762,7,6
4763,1,0
4764,1,4
4765,1,1
4766,1,0
3957,5,2
4768,1,1
2413,1,0
4648,9,8
4769,1,1
4770,2,2
4771,6,4
4772,1,1
4767,2,1
4773,3,3
4774,3,4
4775,2,1
4776,2,2
3278,6,6
4778,2,2
4779,9,43
4357,1,0
3969,1,0
4358,1,0
4710,1,0
4780,4,6
3965,1,0
3964,1,0
3963,1,0
3133,1,0
4338,2,0
3962,1,0
4711,1,0
4712,1,0
3961,1,0
4713,1,0
4714,2,1
4715,1,0
3960,2,1
4341,1,0
4716,1,0
3956,2,0
3954,1,0
4781,1,0
4340,1,0
4717,2,1
4782,1,0
4718,1,0
4719,3,0
3949,1,0
4783,1,0
3947,1,0
4784,1,0
3946,1,0
4720,1,0
4785,1,0
4073,1,0
4721,1,0
4786,1,0
4722,1,0
4723,3,2
3941,1,0
4068,1,0
3939,1,0
3937,1,0
4724,2,1
3934,1,0
3933,1,0
4725,1,0
4726,1,0
4727,1,0
3930,1,0
4787,19,21
4788,11,13
4789,2,1
4790,2,1
4791,7,8
4792,2,0
4793,1,1
4777,2,1
4794,1,1
4795,8,8
4796,2,1
4797,1,1
4798,1,0
4799,1,1
4800,3,5
4801,1,0
4803,1,1
4804,2,1
4805,1,1
4806,1,1
4807,1,1
4809,1,0
4810,2,0
4802,3,1
4812,4,9
4813,1,1
4814,5,3
4816,3,2
4818,2,1
4819,0,1
4820,1,1
4821,1,0
4823,2,0
4824,1,3
4825,2,2
4826,1,1
4828,7,8
4829,2,2
4830,4,5
4831,1,0
4832,2,3
4833,54,58
4834,1,1
4835,3,1
4836,1,0
4837,2,2
4838,7,8
4839,3,3
4840,16,14
4842,1,1
4843,1,0
4844,8,7
4845,1,1
4846,1,2
4847,2,2
4848,1,1
4849,1,0
4851,6,6
4852,10,6
4853,2,0
4854,1,1
4855,3,0
4850,4,4
4856,1,0
4841,7,6
4857,6,12
4858,2,2
4859,2,3
4861,4,5
4862,5,6
4863,1,0
4615,2,3
4864,1,1
4865,1,0
4866,2,1
4868,1,0
4869,2,2
4870,7,5
4871,2,1
4872,1,1
4873,1,1
4867,29,28
4875,27,27
4876,1,0
4877,1,0
4878,1,1
4822,1,0
4874,1,1
4879,3,3
4880,2,1
4881,2,2
4882,3,3
4883,8,6
4884,17,18
4885,0,1
4815,1,0
4886,4,4
4887,2,3
4890,21,17
4891,1,0
4892,2,2
4893,15,16
4894,1,1
4895,1,1
4896,1,1
4897,7,1
4898,10,9
4899,13,13
4900,1,1
4901,1,1
4888,1,0
2003,1,1
4902,1,1
4903,1,0
4904,2,0
4905,1,2
4906,1,1
4907,6,6
4908,1,1
4909,1,0
4910,1,0
4911,1,0
4912,1,0
4913,1,0
4914,1,0
4915,2,2
4916,3,5
4917,1,1
4918,3,3
4919,3,3
4920,2,1
4921,29,21
4922,5,5
4923,1,1
4924,2,2
4925,26,31
4926,2,1
4927,1,4
4928,1,2
4929,1,0
4930,2,0
4931,2,0
4932,4,0
4933,2,0
4934,3,0
4935,2,0
4936,1,0
4937,11,11
4938,5,1
4939,1,0
4940,2,2
4941,1,0
4943,2,2
4944,1,1
4945,4,5
4946,1,1
4947,1,0
4948,1,0
4949,2,0
4950,1,0
4951,1,0
4952,2,0
4953,1,0
4954,1,0
4808,1,0
4955,2,0
4956,1,6
4958,2,0
4889,1,0
4957,2,1
4959,1,0
4961,1,1
4962,1,1
4963,2,2
4964,1,1
4965,8,7
4966,2,1
4967,3,2
4968,1,1
4969,3,4
4970,4,4
4972,1,0
4973,1,0
4960,1,1
4974,1,1
4975,1,0
4976,1,0
4978,1,1
4971,1,1
4979,1,1
4980,4,3
4981,1,1
4977,2,3
4982,2,2
4983,9,10
4984,1,1
4985,1,1
4986,7,4
4987,4,4
4988,6,3
4989,1,1
4990,2,2
4942,4,7
4991,6,3
4992,1,1
4993,3,13
4994,1,1
4995,2,5
4996,5,3
4997,2,3
4998,1,0
4999,1,2
5000,1,0
5001,1,1
5002,1,0
5003,2,2
5004,1,0
5005,4,0
5006,1,0
5007,3,3
5008,1,1
5009,3,3
5010,1,0
5011,1,0
5012,1,2
5014,3,3
5013,24,25
5015,2,1
5016,2,1
5017,1,1
5018,1,0
5019,1,0
5021,5,4
5022,1,0
5023,1,5
5024,1,1
5025,19,22
3772,5,5
5026,1,0
5027,8,6
5028,16,17
5029,5,5
5030,3,3
5031,1,1
5032,1,1
5033,2,2
5034,1,3
5035,1,1
5037,4,2
5039,2,3
5040,1,0
5036,3,2
5041,5,5
5042,1,1
5020,1,1
5043,1,1
5044,3,2
5045,3,3
5046,4,4
5047,1,1
5048,1,1
5049,1,1
5050,1,1
5052,2,3
5053,1,0
5054,2,2
5055,1,1
5056,4,4
5051,1,0
5057,1,1
5058,1,0
5059,5,2
5060,1,1
5061,1,1
5062,1,0
5063,2,0
5064,7,7
5066,4,8
5067,8,5
5068,8,5
5069,8,5
5070,8,5
5071,8,4
5072,7,5
5073,3,3
5074,2,1
5075,2,6
5076,3,1
5077,1,0
5078,1,1
5079,4,4
5080,4,2
5081,2,0
5082,1,0
5084,1,0
5085,1,1
5086,5,1
5087,1,1
5038,1,1
5088,2,1
5089,1,1
5090,1,0
5091,1,1
5092,1,1
5093,2,2
5094,2,1
5095,1,1
5096,2,2
5097,2,0
5098,1,2
5099,1,0
4860,20,24
5100,2,0
5101,4,4
5104,1,1
5105,1,1
5106,1,0
5108,1,0
5109,1,0
5110,1,0
5111,1,0
5112,1,0
5113,1,0
5083,1,0
5115,6,4
5117,1,0
5118,1,1
5119,2,2
5120,2,2
5121,2,2
5122,1,1
5123,2,1
5124,1,1
5125,3,5
5126,1,0
5127,1,0
5128,1,1
5130,1,1
5131,1,1
5103,6,4
5132,2,2
5133,1,1
5129,3,1
5134,1,1
5135,1,0
5136,1,0
5137,1,0
5138,3,3
5139,6,6
5140,1,0
5141,3,1
5142,3,2
5143,2,2
5144,2,2
5145,1,1
5146,7,7
5147,2,0
5148,1,0
5149,3,0
5150,2,0
5152,1,0
5153,2,0
5154,1,0
5155,3,4
5156,2,2
5157,13,7
5158,1,0
5159,3,0
5160,2,0
5161,2,0
5162,1,0
5163,1,1
5164,2,0
5165,1,1
5166,1,0
5167,1,0
5168,1,0
5170,1,0
5171,1,0
5172,1,0
5173,1,0
5174,1,0
5169,1,0
5116,1,0
5114,1,0
5107,1,0
5175,7,7
5176,1,0
5177,1,0
5178,1,1
5179,1,0
5180,2,4
5181,1,0
5182,1,0
5183,1,0
5184,1,1
5185,2,0
5186,6,5
5187,1,1
5188,1,1
5189,4,0
5190,1,0
5191,1,0
5192,4,1
5194,1,1
5195,6,3
5196,1,0
5193,9,11
5197,8,9
5198,7,8
5199,3,3
5200,6,7
5201,5,6
5202,5,6
5203,5,5
5204,4,0
5205,3,0
5206,3,0
5207,2,0
5208,1,1
5209,1,0
5210,1,0
5211,1,1
5212,7,2
5213,4,3
5214,1,0
5215,4,1
5216,3,1
5217,8,2
5218,2,1
5219,1,2
5220,1,0
5222,1,0
5223,1,0
5224,5,4
5225,1,0
5226,2,1
5228,14,16
5230,1,0
5231,9,5
5232,1,0
5233,1,0
5234,1,3
5235,2,3
5236,2,1
5237,5,1
5238,1,3
5239,4,2
5240,3,0
5227,63,65
5241,1,1
5242,4,4
5243,2,0
5244,1,1
5245,3,2
5229,1,0
5247,1,0
5248,1,1
5246,1,1
5249,5,5
5250,2,2
5251,16,17
5252,1,0
5254,1,0
5255,14,13
5256,1,0
5221,1,2
5257,2,2
5258,1,1
5260,2,1
5261,1,1
5262,1,0
5263,1,1
5264,1,0
5151,1,1
5265,1,1
5267,3,3
5268,1,0
5269,5,6
5270,2,0
5271,1,1
5272,1,0
5273,1,0
5274,1,0
5275,3,2
5276,1,0
5277,1,0
5278,1,1
5279,1,1
5280,7,8
5281,1,0
5282,1,1
5283,1,2
5284,1,1
5285,2,0
5286,6,7
5288,2,0
5289,1,0
5290,1,1
5291,1,0
5287,3,3
5292,1,1
5293,1,1
5294,6,6
5295,1,0
5296,7,7
5297,3,1
5298,5,4
5299,4,0
5300,1,0
5301,1,0
5302,1,1
5303,1,0
5304,1,0
5305,3,0
5259,8,7
5307,1,1
5308,1,1
5306,1,1
5310,3,3
5312,7,7
5313,1,0
5314,1,0
5315,2,2
5317,7,2
5318,4,1
5319,1,0
5320,1,0
5321,1,1
5322,1,1
5323,1,0
5324,1,0
5325,1,0
5326,1,0
5327,1,0
5328,1,0
5329,1,0
5330,1,0
5331,1,0
5332,1,0
5333,1,0
5334,1,0
5335,1,0
5336,1,0
5337,1,0
5338,2,0
5309,2,2
5340,1,0
5341,1,0
5342,1,0
5343,1,0
5344,2,0
5345,3,2
5339,3,3
5346,3,0
5348,1,1
5349,1,0
5350,1,0
5351,1,0
5352,3,2
5353,9,11
5354,1,0
5355,1,1
5065,16,25
5356,1,1
5357,1,0
5316,31,23
5358,2,2
5359,2,2
5360,3,1
5361,1,0
5363,15,45
5364,1,0
5365,1,1
5366,3,3
5367,5,2
5368,3,1
5369,1,0
5370,1,1
5371,1,0
5373,2,0
5374,2,0
5375,2,0
5376,2,0
5377,2,0
5378,2,0
5379,2,0
5380,2,0
5381,2,0
5382,2,0
5372,1,0
5383,3,3
5384,8,5
5385,1,0
5388,1,0
5386,1,0
5387,1,0
5389,1,0
5390,2,1
5391,1,0
5392,1,0
5393,1,1
5394,2,0
5395,2,0
5347,1,1
5397,4,5
5398,4,4
5396,4,0
5399,0,1
5362,1,1
5400,1,0
5401,1,0
5402,1,0
5404,2,2
5405,1,0
5406,1,0
5407,1,0
5403,24,25
5408,10,11
5409,1,0
5410,1,0
5411,6,7
5412,1,0
5414,2,2
5415,3,3
5416,1,1
5417,1,1
5419,1,1
5420,2,2
5421,2,1
5422,2,1
5423,1,1
5424,1,0
5426,1,1
5427,2,2
5428,3,3
5429,2,2
5430,1,0
5431,1,0
5432,4,5
5418,1,1
5433,2,2
5435,2,2
5253,1,1
5436,1,0
5437,1,1
5425,1,1
5438,1,1
5439,4,3
5440,9,10
5441,4,4
5442,3,2
5443,7,5
5434,1,1
5444,1,1
5445,1,1
5446,2,1
5447,1,0
5448,2,1
5449,20,21
5451,1,1
5452,1,0
5453,1,0
5454,1,0
5455,1,0
5456,1,0
5457,11,13
5458,7,5
5459,1,0
5460,4,4
5461,1,0
5463,1,0
5462,1,0
5413,18,19
5464,1,0
5465,3,3
5466,5,5
5467,1,0
5468,1,0
5469,1,2
5470,1,1
5471,6,1
5472,35,31
5311,1,1
5473,6,4
5474,1,0
5475,1,6
5476,11,11
5477,2,0
5478,4,3
5479,7,4
5480,7,4
5481,5,5
5450,8,10
5482,17,23
5483,3,2
5484,4,2
5485,3,0
5486,1,0
5487,1,0
5488,2,0
5489,3,4
5490,2,0
5491,1,1
5492,3,3
5494,1,1
5495,1,0
4811,1,1
5496,1,0
5497,1,1
5498,1,0
5499,1,1
5500,1,0
5501,6,5
5502,1,0
5503,1,0
5504,2,2
5505,3,1
5506,14,30
5508,22,29
5510,7,6
5511,1,1
5512,3,1
5513,2,0
5515,2,9
5516,3,0
5517,1,0
5518,1,1
5519,1,0
5522,2,3
5521,4,2
5523,7,6
5525,19,23
5526,2,3
5527,3,2
5528,5,9
5514,2,0
5530,1,0
5531,3,1
5532,2,0
5533,3,0
5534,2,1
5536,2,3
5537,1,0
5538,1,0
5539,3,5
5540,2,5
5541,9,11
5542,1,0
5544,4,1
5543,3,4
5546,1,0
5529,27,28
5547,1,0
5548,1,0
5549,1,1
5550,3,3
5551,5,1
5552,2,0
5553,7,4
5554,4,2
5555,2,2
5556,3,3
5557,1,0
5558,1,1
5559,1,10
5560,1,1
5561,1,0
5563,1,1
5564,1,1
5566,1,1
5567,1,0
5568,1,1
5524,7,9
5569,9,5
5570,4,1
5573,1,1
5574,3,2
5575,1,0
5576,6,0
5577,5,1
5579,1,1
5580,1,1
5581,2,1
5582,2,2
5583,2,2
5585,1,0
5586,1,0
5587,1,0
5588,1,0
5589,1,0
5590,5,5
5591,16,15
5592,1,0
5593,1,1
5594,4,1
5596,12,10
5597,1,1
5598,2,2
5599,1,0
5507,3,2
5595,1,0
5601,1,0
5600,1,0
5603,1,0
5604,1,3
5607,1,1
5609,7,5
5610,4,4
5571,3,0
5611,6,4
5608,7,4
5612,50,50
5614,5,6
5615,1,1
5616,2,0
5617,1,0
5618,3,2
5619,4,5
5622,2,1
5623,9,12
5624,2,8
5625,4,2
5626,1,1
5627,1,1
5606,12,11
5602,10,9
5631,5,6
5630,1,3
5633,2,0
5634,3,1
5635,21,17
5632,3,3
5636,3,7
5613,7,1
5638,2,0
5639,1,0
5640,2,1
5641,1,0
5643,3,1
5644,1,0
5645,1,0
5646,1,0
5648,1,4
5649,7,9
5650,3,1
5647,4,2
5652,1,0
5653,1,0
5654,9,8
5655,6,13
5656,1,1
5657,1,1
5658,2,2
5659,1,0
5660,1,0
5661,5,8
5662,1,0
5663,1,1
5664,1,1
5665,2,2
5666,1,1
5667,4,9
5668,1,1
5669,1,1
5670,1,1
5672,1,1
5673,1,1
5674,2,2
5675,1,0
5676,2,1
5565,6,6
5678,1,1
5679,1,0
5680,2,2
5682,1,1
5683,1,0
5685,1,1
5686,2,0
5687,1,2
5642,1,1
5688,2,3
5689,5,4
5691,10,6
5692,1,1
5694,1,1
5695,1,1
5677,2,2
5578,9,7
5698,1,0
5700,1,3
5703,1,0
5704,3,2
5699,1,1
5706,1,0
5705,1,0
5684,1,0
5545,1,0
5707,4,4
5708,1,1
5709,2,0
5710,1,1
5711,2,0
5712,25,4
5713,1,0
5714,1,1
5715,3,3
5701,1,1
5717,0,1
5718,2,0
5719,4,3
5720,1,0
5721,1,0
5722,1,1
5723,1,1
5724,1,1
5725,1,1
5726,2,1
5729,6,4
5730,4,1
5731,4,1
5732,4,1
5733,3,3
5520,1,1
5736,2,1
5737,1,0
5738,1,2
5739,0,1
5740,1,1
5741,1,0
5742,1,0
5744,1,1
5743,2,1
5702,1,1
5745,1,0
5746,2,0
5747,1,0
5748,1,0
5749,2,0
5750,2,0
5752,1,0
5753,2,2
5755,1,0
5756,1,0
5754,3,0
5757,1,0
5759,5,5
5760,3,5
5761,1,1
5762,4,6
5763,3,5
5764,3,0
5765,2,6
5767,1,1
5768,1,0
5693,1,0
5770,1,0
5772,1,0
5773,1,0
5774,1,0
5681,1,0
5775,1,0
5776,2,0
5777,4,4
5778,1,0
5766,1,1
5779,1,0
5780,1,0
5781,2,2
5782,1,0
5783,2,3
5784,3,4
5785,1,0
5786,1,0
5788,2,1
5789,1,0
5790,1,0
5791,2,1
5792,1,0
5795,1,1
5796,1,1
5797,1,0
5798,1,1
5799,4,0
5800,2,2
5801,8,7
5793,1,1
5802,1,1
5803,2,1
5804,1,0
5805,1,1
5806,7,4
5807,2,0
5808,1,0
5809,1,0
5769,1,0
5810,1,0
5813,1,1
5815,1,0
5816,1,0
5814,1,1
5818,1,1
5819,1,0
5629,3,4
5820,1,1
5811,4,7
5822,3,5
5823,1,0
5821,1,0
5824,1,0
5825,8,7
5826,1,0
5827,10,11
5828,2,2
5829,1,2
5605,3,5
5830,1,0
5832,1,2
5833,1,1
5835,1,0
5836,2,1
5837,1,1
5838,1,1
5839,2,2
5840,3,3
5843,1,0
5844,1,1
5845,7,0
5846,2,1
5847,2,1
5848,1,1
5849,1,1
5831,3,3
5850,1,1
5851,2,3
5852,4,11
5853,1,1
5854,2,2
5855,1,0
5817,1,0
5856,1,1
5857,1,1
5858,1,1
5859,3,3
5860,1,0
5861,1,1
5862,1,1
5863,1,0
5864,1,1
5866,1,1
5867,1,0
5868,1,0
5869,2,1
5870,1,1
5871,2,0
5872,2,0
5873,2,0
5874,2,0
5875,2,0
5876,2,0
5877,1,0
5878,1,0
5879,1,0
5880,1,1
5881,3,4
5882,2,2
5883,1,3
5884,3,0
5885,1,0
5886,2,2
5887,1,0
5888,1,1
5891,1,1
5892,1,1
5889,1,0
5893,1,0
5894,1,1
5895,1,1
5896,2,3
5897,1,0
5898,1,0
5900,3,2
5899,1,1
5901,1,0
5890,1,1
5902,2,2
5903,2,1
5904,1,1
5907,1,0
5908,1,0
5906,1,0
5909,1,0
5910,1,0
5911,1,1
5912,1,0
5913,1,1
5914,2,0
5915,1,0
5916,1,0
5917,5,7
5918,1,0
5919,1,0
5920,2,2
5922,1,0
5921,13,13
5923,1,1
5924,1,0
5925,2,2
5926,1,0
5927,1,0
5928,4,6
5929,1,1
5905,1,0
5930,1,1
5931,1,0
5932,1,0
5933,1,0
5934,1,0
5935,2,1
5937,1,1
5938,1,1
5939,2,2
5940,1,1
5941,1,1
5942,3,6
5943,6,6
5944,1,0
5945,2,2
5946,1,0
5947,3,3
5948,2,2
5950,3,3
5951,3,3
5949,5,5
5954,1,1
5955,3,8
5957,1,1
5952,1,0
5958,3,3
5959,1,1
5961,1,1
5962,1,1
5963,1,1
5953,1,0
5964,1,0
5966,1,1
5936,1,1
5967,1,1
5968,1,1
3992,3,2
5965,5,6
5969,6,3
5970,1,1
5971,2,3
5960,1,0
5972,1,1
5973,1,0
5974,1,1
5975,1,0
5976,1,0
5977,1,0
5978,2,0
5979,1,0
5980,1,0
5981,1,0
5982,4,4
5983,10,10
5984,1,1
5985,1,2
5986,1,0
5987,1,0
5988,1,1
5989,1,1
5956,3,3
5990,1,0
5991,1,1
5993,1,1
5994,1,2
5995,1,1
5996,1,1
5992,1,0
5997,1,0
5998,1,0
5999,1,1
6000,0,1
6002,1,0
6003,1,0
6004,1,0
6005,1,0
